{"cameraMode":{"drawMode":0,"name":"Shaded","section":"Shading Mode"},"sceneLighting":false,"audioPlay":false,"sceneViewState":{"m_AlwaysRefresh":false,"showFog":true,"showSkybox":false,"showFlares":true,"showImageEffects":true,"showParticleSystems":true,"showVisualEffectGraphs":true,"m_FxEnabled":true},"in2DMode":false,"pivot":{"x":-0.385988712310791,"y":-0.010571599006652832,"z":-0.8620264530181885},"rotation":{"x":-0.1082301214337349,"y":0.5769113302230835,"z":-0.07747853547334671,"w":-0.8058909773826599},"size":0.24494899809360505,"orthographic":false}