{"cameraMode":{"drawMode":0,"name":"Shaded","section":"Shading Mode"},"sceneLighting":false,"audioPlay":false,"sceneViewState":{"m_AlwaysRefresh":false,"showFog":true,"showSkybox":false,"showFlares":true,"showImageEffects":true,"showParticleSystems":true,"showVisualEffectGraphs":true,"m_FxEnabled":true},"in2DMode":false,"pivot":{"x":-0.38790658116340639,"y":0.06597021222114563,"z":0.23499241471290589},"rotation":{"x":-0.010410509072244168,"y":0.49753832817077639,"z":-0.005966958589851856,"w":-0.8673656582832336},"size":0.3670405447483063,"orthographic":false}